"id","articleId","language","headline","metaDescription","html","markdown","status","createdAt","updatedAt","blog","category","image","metaKeywords","myImageUrl","outline","published","publishedAt","readingTime","relatedPosts","slug","tags"
"cmagl0hwd0002v277xdwadzk5","cmagl0h3a0000v277n95p4m32","fr","EPUB Translator - Guide complet de la traduction d'eBook","Apprenez à traduire efficacement des fichiers EPUB en utilisant des outils d'IA, en garantissant la qualité et en préservant le formatage pour une expérience de lecture fluide.","<h1 id=""epub-translator-complete-guide-to-ebook-translation"" tabindex=""-1"">Traducteur EPUB - Guide Complet de la Traduction d'eBooks</h1>
<p><a href=""https://en.wikipedia.org/wiki/EPUB"" target=""_blank"" rel=""nofollow noopener noreferrer"">La traduction EPUB</a> rend les eBooks accessibles dans différentes langues tout en préservant leur formatage et leur style. Ce guide explique comment traduire efficacement les fichiers <a href=""https://en.wikipedia.org/wiki/EPUB"" target=""_blank"" rel=""nofollow noopener noreferrer"">EPUB</a> en utilisant des outils d'IA comme <a href=""https://booktranslator.ai/"">BookTranslator.ai</a>.</p>
<h3 id=""key-takeaways"" tabindex=""-1"">Points Clés :</h3>
<ul>
<li><strong>Pourquoi traduire des EPUB ?</strong> Pour répondre à la demande croissante d'eBooks dans plusieurs langues.</li>
<li><strong>Défis :</strong> Gérer l'expansion du texte, les jeux de caractères, la mise en page et les métadonnées.</li>
<li><strong>Solutions :</strong> Les outils d'IA offrent des traductions plus rapides, moins coûteuses et plus précises par rapport aux méthodes manuelles.</li>
<li><strong>Fonctionnalités de BookTranslator.ai :</strong>
<ul>
<li>Supporte plus de 99 langues</li>
<li>Préserve le formatage</li>
<li>Coûte 5,99 $ pour 100 000 mots (plan de base)</li>
<li>Traduit des livres entiers en quelques minutes.</li>
</ul>
</li>
</ul>
<h3 id=""quick-comparison"" tabindex=""-1"">Comparaison Rapide :</h3>
<table>
<thead>
<tr>
<th>Méthode</th>
<th>Temps</th>
<th>Coût</th>
<th>Formatage</th>
<th>Exactitude</th>
</tr>
</thead>
<tbody>
<tr>
<td>Manuel</td>
<td>Semaines/mois</td>
<td>Élevé ($$)</td>
<td>Peut se briser</td>
<td>Varie</td>
</tr>
<tr>
<td>Traduction IA</td>
<td>Minutes</td>
<td>Faible (5,99 $/100k mots)</td>
<td>Préservé</td>
<td>~95%</td>
</tr>
</tbody>
</table>
<p>Commencez à traduire rapidement et à moindre coût vos fichiers EPUB avec des outils d'IA tout en maintenant la qualité et la structure.</p>
<h2 id=""epub-format-structure"" tabindex=""-1"" class=""sb h2-sbb-cls""><a href=""https://en.wikipedia.org/wiki/EPUB"" target=""_blank"" rel=""nofollow noopener noreferrer"">Structure du Format EPUB</a></h2>
<h3 id=""epub-file-components"" tabindex=""-1"">Composants du Fichier EPUB</h3>
<p>Les fichiers EPUB sont composés de plusieurs éléments clés qui travaillent ensemble pour créer une expérience de lecture fluide.</p>
<ul>
<li><strong>Couche de Contenu Textuel</strong> : Le texte principal est stocké au format <a href=""https://en.wikipedia.org/wiki/XHTML"" target=""_blank"" rel=""nofollow noopener noreferrer"">XHTML</a>, ce qui garantit un bon flux de texte et une réactivité sur différents appareils.</li>
<li><strong>Éléments de Style</strong> : <a href=""https://en.wikipedia.org/wiki/CSS"" target=""_blank"" rel=""nofollow noopener noreferrer"">CSS</a> gère les aspects visuels du livre, y compris :
<ul>
<li>Polices</li>
<li>Mises en page des pages</li>
<li>Alignement du texte</li>
<li>Couleurs</li>
<li>Marges</li>
</ul>
</li>
<li><strong>Conteneur de Métadonnées</strong> : Cela contient des détails essentiels du livre tels que :
<ul>
<li>Titre et auteur</li>
<li>Date de publication</li>
<li>Langue</li>
<li><a href=""https://en.wikipedia.org/wiki/ISBN"" target=""_blank"" rel=""nofollow noopener noreferrer"">ISBN</a></li>
<li>Informations sur le droit d'auteur</li>
</ul>
</li>
</ul>
<p>Des métadonnées précises sont cruciales pour s'assurer que tous les détails du livre sont correctement transférés lors de la traduction.</p>
<h3 id=""translation-hurdles"" tabindex=""-1"">Obstacles à la Traduction</h3>
<p>Voici quelques défis techniques courants qui surgissent lors de la traduction EPUB :</p>
<table>
<thead>
<tr>
<th>Défi</th>
<th>Impact</th>
<th>Ce qui est Nécessaire</th>
</tr>
</thead>
<tbody>
<tr>
<td>Expansion du Texte</td>
<td>Le texte traduit peut prendre plus de place</td>
<td>Mises en page flexibles</td>
</tr>
<tr>
<td>Jeux de Caractères</td>
<td>Des caractères spéciaux ou des polices peuvent ne pas s'afficher</td>
<td>Support complet de <a href=""https://en.wikipedia.org/wiki/Unicode"" target=""_blank"" rel=""nofollow noopener noreferrer"">Unicode</a></td>
</tr>
<tr>
<td>Flux de Page</td>
<td>Le reflow du texte peut perturber la mise en page</td>
<td>Outils pour préserver le formatage</td>
</tr>
<tr>
<td>Synchronisation des Métadonnées</td>
<td>Les détails du livre doivent rester cohérents</td>
<td>Gestion fiable des métadonnées</td>
</tr>
</tbody>
</table>
<p>Ces défis nécessitent une attention particulière pour maintenir le design et la fonctionnalité du livre. Traduire un EPUB implique plus que de simplement convertir du texte - cela inclut également la gestion d'éléments comme la navigation, les liens internes et la structure globale.</p>
<p>Les outils modernes de traduction IA simplifient ce processus en préservant le formatage et en atteignant des niveaux d'exactitude élevés (environ 95 % pour certaines paires de langues).</p>
<h2 id=""manual-vs-ai-translation-methods"" tabindex=""-1"" class=""sb h2-sbb-cls"">Méthodes de Traduction Manuelle vs IA</h2>
<h3 id=""manual-translation-drawbacks"" tabindex=""-1"">Inconvénients de la Traduction Manuelle</h3>
<p>Traduire des fichiers EPUB manuellement implique d'extraire du texte, de le traduire et de reformater le contenu - un processus qui peut prendre des semaines ou même des mois. En plus d'être lent, la traduction manuelle est souvent beaucoup plus coûteuse, ce qui limite le nombre de langues que les éditeurs peuvent offrir aux lecteurs.</p>
<p>Voici quelques problèmes courants avec la traduction manuelle :</p>
<ul>
<li><strong>Consommation de Temps</strong> : Traduire et reformater chaque livre demande beaucoup d'efforts humains.</li>
<li><strong>Problèmes de Formatage</strong> : Extraire du texte peut perturber le design et la mise en page d'origine du EPUB.</li>
<li><strong>Résultats Inconstants</strong> : Différents traducteurs peuvent interpréter le contenu de manière variable, menant à une qualité inégale.</li>
<li><strong>Défis de Mise à l'Échelle</strong> : Traduire en plusieurs langues nécessite un travail supplémentaire considérable, rendant l'expansion difficile.</li>
</ul>
<p>Ces défis montrent clairement pourquoi une méthode alternative, plus efficace, est nécessaire.</p>
<h3 id=""ai-translation-benefits"" tabindex=""-1"">Avantages de la Traduction IA</h3>
<p>La traduction IA offre une solution plus rapide et automatisée par rapport aux méthodes manuelles. Elle fournit des traductions rapides et abordables tout en maintenant le formatage et le style d'origine du fichier EPUB.</p>
<p>Voici comment la traduction IA se distingue :</p>
<table>
<thead>
<tr>
<th>Caractéristique</th>
<th>Avantage</th>
<th>Impact</th>
</tr>
</thead>
<tbody>
<tr>
<td><strong>Vitesse</strong></td>
<td>Traduction en un clic</td>
<td>Des livres entiers traduits en quelques minutes</td>
</tr>
<tr>
<td><strong>Économies de Coût</strong></td>
<td>5,99 $ pour 100 000 mots</td>
<td>Bien moins cher que la traduction manuelle</td>
</tr>
<tr>
<td><strong>Formatage</strong></td>
<td>Préservation automatisée</td>
<td>Conserve le design original du EPUB intact</td>
</tr>
</tbody>
</table>
<p>Au-delà de ces fonctionnalités, la traduction IA fournit également :</p>
<ul>
<li><strong>Qualité Cohérente</strong> : Assure une sortie uniforme tout au long du livre.</li>
<li><strong>Capacité Multilangue</strong> : Permet la traduction simultanée en plusieurs langues.</li>
</ul>
<blockquote>
<p>&quot;Préservation de qualité exceptionnelle.&quot; – Javier R., Traducteur </p>
</blockquote>
<p>Avec des taux d'exactitude atteignant environ 95 % pour certaines paires de langues, la traduction IA est un moyen fiable de rendre la littérature accessible aux lecteurs du monde entier.</p>
<h2 id=""how-to-translate-ebooks-epub"" tabindex=""-1"" class=""sb h2-sbb-cls"">Comment traduire des ebooks (epub) ?</h2>
<iframe class=""sb-iframe"" src=""https://www.youtube.com/embed/1602jirh8tE"" frameborder=""0"" loading=""lazy"" allowfullscreen style=""width: 100%; height: auto; aspect-ratio: 16/9;""></iframe><h2 id=""key-epub-translator-requirements"" tabindex=""-1"" class=""sb h2-sbb-cls"">Exigences Clés pour le Traducteur EPUB</h2>
<p>La traduction EPUB présente ses propres ensembles de défis, notamment en ce qui concerne le maintien de la structure et du contexte. Ces exigences visent à garantir un processus de traduction fluide et efficace.</p>
<h3 id=""format-retention"" tabindex=""-1"">Préservation du Format</h3>
<p>Conserver le formatage original intact est essentiel pour préserver l'expérience de lecture. Cela inclut le maintien des ruptures de chapitres, des images, des tableaux et des symboles. Un système fiable doit gérer :</p>
<ul>
<li>Mises en page et designs complexes</li>
<li>Alignement et mise en page du texte</li>
<li>Styles de police</li>
<li>Placement des images et des légendes</li>
<li>Structures de tableau</li>
<li>Caractères spéciaux</li>
</ul>
<p>Une fois le formatage préservé, l'accent est mis sur la fourniture de traductions précises.</p>
<h3 id=""translation-quality"" tabindex=""-1"">Qualité de la Traduction</h3>
<p>Une traduction de haute qualité va au-delà de la conversion mot à mot. Elle capture le sens, le contexte et les nuances culturelles du texte original tout en veillant à ce que la version traduite soit facile à lire.</p>
<p>Les données montrent que l'exactitude de la traduction pour de nombreuses paires de langues est d'environ 95 %. Ce niveau de précision aide à offrir une expérience de lecture fluide dans la langue cible.</p>
<blockquote>
<p>&quot;Bien plus fiable que d'autres outils.&quot; - Min-jun P., Chercheur </p>
</blockquote>
<p>Les aspects clés d'une traduction de qualité incluent :</p>
<ul>
<li>Connaissance du contexte</li>
<li>Manipulation appropriée des expressions idiomatiques</li>
<li>Adaptation aux références culturelles</li>
<li>Utilisation cohérente de la terminologie</li>
<li>Fluidité du langage naturel</li>
</ul>
<p>Une fois la qualité de la traduction abordée, l'utilisabilité devient la prochaine priorité.</p>
<h3 id=""simple-interface"" tabindex=""-1"">Interface Simple</h3>
<p>Un bon traducteur EPUB combine des fonctionnalités avancées avec une interface facile à naviguer. L'objectif est de rendre le processus efficace et convivial. Les principales fonctionnalités de l'interface incluent :</p>
<table>
<thead>
<tr>
<th>Caractéristique</th>
<th>But</th>
<th>Impact</th>
</tr>
</thead>
<tbody>
<tr>
<td>Traduction en un clic</td>
<td>Rationaliser le flux de travail</td>
<td>Gagner du temps</td>
</tr>
<tr>
<td>Détection de langue</td>
<td>Automatiser la configuration</td>
<td>Réduire l'entrée manuelle</td>
</tr>
<tr>
<td>Suivi de progression</td>
<td>Surveiller la traduction</td>
<td>Améliorer la gestion de projet</td>
</tr>
<tr>
<td>Capacité d'aperçu</td>
<td>Vérifier l'exactitude</td>
<td>Assurer la qualité de la traduction</td>
</tr>
</tbody>
</table>
<p>Avec le support de plus de 99 langues, ces outils permettent aux utilisateurs de se connecter à un public mondial sans complexité inutile.</p>
<h6 id=""sbb-itb-0c0385d"" tabindex=""-1"">sbb-itb-0c0385d</h6>
<h2 id=""booktranslatorai-overview"" tabindex=""-1"" class=""sb h2-sbb-cls""><a href=""https://booktranslator.ai/"">Aperçu de BookTranslator.ai</a></h2>
<p><img src=""https://assets.seobotai.com/booktranslator.ai/681b125d4899b57b164b3e53/c677691575eb606407735ef569ec6476.jpg"" alt=""BookTranslator.ai""></p>
<p>BookTranslator.ai offre une solution ciblée pour traduire les fichiers EPUB, rendant le processus fluide et efficace.</p>
<h3 id=""system-functions"" tabindex=""-1"">Fonctions du Système</h3>
<p>Cette plateforme utilise une IA avancée pour gérer les traductions EPUB en trois étapes principales :</p>
<ul>
<li><strong>Extraction de Texte</strong> : Extrait le contenu du fichier EPUB tout en maintenant les chapitres, les paragraphes et le formatage intacts.</li>
<li><strong>Traduction Intelligente</strong> : Traduit le contenu tout en respectant le contexte et le style original de l'auteur.</li>
<li><strong>Reconstruction du Format</strong> : Reconstruit le contenu traduit pour correspondre à la mise en page d'origine, y compris les images, les tableaux et les éléments de design.</li>
</ul>
<h3 id=""key-features"" tabindex=""-1"">Fonctionnalités Clés</h3>
<p>BookTranslator.ai offre plusieurs fonctionnalités qui facilitent la traduction EPUB :</p>
<p><strong>Options de Langue</strong><br>
Supporte plus de 99 langues, permettant aux éditeurs d'atteindre un public mondial dans leur langue préférée.</p>
<p><strong>Formatage Préservé</strong><br>
Conserve les éléments critiques du livre intacts, tels que :</p>
<ul>
<li>Structures de chapitres et de sections</li>
<li>Placement des images et des tableaux</li>
<li>Styles de police et alignement du texte</li>
</ul>
<p><strong>Traitement Rapide</strong><br>
Traduisez des livres entiers en un seul clic, tout en maintenant à la fois la vitesse et la qualité.</p>
<h3 id=""technical-details"" tabindex=""-1"">Détails Techniques</h3>
<p>La plateforme combine facilité d'utilisation avec une forte performance technique :</p>
<table>
<thead>
<tr>
<th>Caractéristique</th>
<th>Spécification</th>
<th>Avantage</th>
</tr>
</thead>
<tbody>
<tr>
<td>Vitesse de Traduction</td>
<td>Traitement en un clic</td>
<td>Commencez les traductions instantanément</td>
</tr>
<tr>
<td>Limite de Taille de Fichier</td>
<td>Jusqu'à 50 Mo</td>
<td>Convient à la plupart des fichiers EPUB</td>
</tr>
<tr>
<td>Taux de Précision</td>
<td>~95 % pour les langues supportées</td>
<td>Offre des résultats professionnels</td>
</tr>
<tr>
<td>Plan de Base</td>
<td>5,99 $ pour 100 000 mots</td>
<td>Abordable pour les projets importants</td>
</tr>
</tbody>
</table>
<blockquote>
<p>&quot;Préservation de qualité exceptionnelle.&quot; - Javier R., Traducteur </p>
</blockquote>
<p>Ces fonctionnalités font de BookTranslator.ai un outil fiable pour quiconque cherche à traduire des livres EPUB de manière efficace et efficace.</p>
<h2 id=""using-booktranslatorai"" tabindex=""-1"" class=""sb h2-sbb-cls"">Utilisation de BookTranslator.ai</h2>
<p>Voici un guide rapide pour traduire un EPUB avec BookTranslator.ai, rendant le processus simple et efficace.</p>
<h3 id=""file-setup"" tabindex=""-1"">Configuration du Fichier</h3>
<p>Avant de commencer, assurez-vous que votre fichier EPUB répond à ces critères : <strong>Sans DRM</strong>, <strong>moins de 50 Mo</strong>, et <strong>bien structuré</strong>. Une bonne préparation aide l'outil à maintenir la mise en page originale de votre document lors de la traduction.</p>
<h3 id=""translation-steps"" tabindex=""-1"">Étapes de Traduction</h3>
<ol>
<li>Téléchargez votre fichier et choisissez parmi plus de 99 langues cibles.</li>
<li>Choisissez un plan qui convient à vos besoins.</li>
<li>Cliquez sur le bouton &quot;Traduire&quot; pour commencer le processus automatisé.</li>
</ol>
<p>Le coût est calculé en fonction du nombre de mots de votre livre, avec un tarif minimum de <strong>5,99 $</strong>.</p>
<h3 id=""quality-check"" tabindex=""-1"">Vérification de la Qualité</h3>
<p>Après la traduction, il est essentiel de réviser les résultats avec soin. Voici comment :</p>
<ul>
<li><strong>Révision Initiale</strong> : Vérifiez l'organisation des chapitres, le placement des images, le formatage des tableaux, les styles de police et l'alignement du texte.</li>
<li><strong>Révision Approfondie</strong> : Parcourez l'ensemble du document pour détecter d'éventuelles erreurs ou incohérences.</li>
<li><strong>Test de Dispositif</strong> : Ouvrez l'EPUB traduit sur différents e-readers pour garantir un bon flux de texte, un affichage correct des caractères, des transitions de page fluides et une cohérence globale de la mise en page.</li>
</ul>
<p>Utilisez le tableau ci-dessous pour guider votre vérification de qualité :</p>
<table>
<thead>
<tr>
<th>Zone de Vérification de Qualité</th>
<th>Ce qu'il Faut Rechercher</th>
</tr>
</thead>
<tbody>
<tr>
<td>Structure du Contenu</td>
<td>Ordre correct des chapitres et ruptures de section</td>
</tr>
<tr>
<td>Éléments Visuels</td>
<td>Placement précis des images et alignement des légendes</td>
</tr>
<tr>
<td>Formatage du Texte</td>
<td>Polices cohérentes et espacement des paragraphes approprié</td>
</tr>
<tr>
<td>Éléments Techniques</td>
<td>Liens de navigation fonctionnels et table des matières</td>
</tr>
</tbody>
</table>
<blockquote>
<p>&quot;Incrediblement intuitif à utiliser.&quot; - Aisha K., Étudiante </p>
</blockquote>
<h2 id=""next-steps"" tabindex=""-1"" class=""sb h2-sbb-cls"">Étapes Suivantes</h2>
<h3 id=""key-highlights"" tabindex=""-1"">Points Forts Clés</h3>
<p>BookTranslator.ai offre un service de traduction piloté par IA qui maintient les mises en page des livres intactes, supporte plus de 99 langues, et commence à seulement 5,99 $ pour 100 000 mots. Avec un accent sur la préservation du format et la qualité de la traduction, il est conçu pour l'efficacité.</p>
<blockquote>
<p>&quot;Bien plus fiable que d'autres outils.&quot; - Min-jun P., Chercheur </p>
</blockquote>
<h3 id=""get-started-with-your-translation"" tabindex=""-1"">Commencez votre Traduction</h3>
<p>Prêt à commencer ? Voici un récapitulatif rapide et un guide pour démarrer votre projet de traduction.</p>
<p>Jetez un œil aux plans de traduction disponibles :</p>
<table>
<thead>
<tr>
<th>Plan de Traduction</th>
<th>Coût par 100 000 Mots</th>
<th>Idéal pour</th>
</tr>
</thead>
<tbody>
<tr>
<td>De Base</td>
<td>5,99 $</td>
<td>Traductions standard avec précision fiable</td>
</tr>
<tr>
<td>Pro</td>
<td>9,99 $</td>
<td>Précision supérieure utilisant le dernier modèle d'IA</td>
</tr>
</tbody>
</table>
<p>Suivez ces étapes simples pour traduire votre fichier EPUB en quelques minutes :</p>
<ul>
<li><strong>Assurez-vous que votre fichier EPUB est prêt</strong> : Il doit être sans DRM, de moins de 50 Mo, et correctement formaté.</li>
<li><strong>Choisissez votre langue cible</strong> : Choisissez parmi plus de 99 options.</li>
<li><strong>Sélectionnez votre plan</strong> : Décidez entre De Base ou Pro, selon vos besoins.</li>
<li><strong>Cliquez sur &quot;Traduire&quot;</strong> : Lancez le processus et laissez BookTranslator.ai gérer le reste.</li>
</ul>
<blockquote>
<p>&quot;Préservation de qualité exceptionnelle.&quot; - Javier R., Traducteur </p>
</blockquote>
<p>Pas satisfait des résultats ? BookTranslator.ai offre une garantie de remboursement pour votre tranquillité d'esprit.</p>
<h2 id=""faqs"" tabindex=""-1"" class=""sb h2-sbb-cls"">FAQs</h2>
<h3 id=""how-does-booktranslatorai-deliver-accurate-and-consistent-translations-across-different-languages"" tabindex=""-1"" data-faq-q>Comment BookTranslator.ai fournit-il des traductions précises et cohérentes dans différentes langues ?</h3>
<p>BookTranslator.ai utilise une technologie AI avancée pour garantir que les traductions sont précises, cohérentes et fidèles au sens et au style du livre original. En analysant le contexte et le formatage, il préserve soigneusement le ton, la structure et l'intention du contenu tout en l'adaptant de manière transparente dans la langue cible.</p>
<p>Avec le support de plus de 99 langues et un processus de traduction en un clic, BookTranslator.ai simplifie la tâche traditionnellement complexe de la traduction d'eBook, la rendant accessible tant aux lecteurs occasionnels qu'aux professionnels.</p>
<h3 id=""how-can-i-prepare-my-epub-file-for-translation-with-booktranslatorai"" tabindex=""-1"" data-faq-q>Comment puis-je préparer mon fichier EPUB pour la traduction avec BookTranslator.ai ?</h3>
<p>Pour obtenir les meilleurs résultats lors de l'utilisation de BookTranslator.ai, assurez-vous que votre fichier EPUB est prêt à être téléchargé. Assurez-vous que le fichier est au format EPUB correct et ne dépasse pas la limite de taille maximale de <strong>50 Mo</strong>. Une fois votre fichier préparé, vous pouvez le télécharger directement sur la plateforme pour commencer le processus de traduction. L'outil gère la préservation du formatage et du style, donc aucune ajustement supplémentaire n'est nécessaire avant le téléchargement.</p>
<h3 id=""how-does-booktranslatorais-ai-powered-translation-preserve-the-formatting-and-style-of-an-epub-file-compared-to-manual-translation"" tabindex=""-1"" data-faq-q>Comment la traduction alimentée par IA de BookTranslator.ai préserve-t-elle le formatage et le style d'un fichier EPUB par rapport à la traduction manuelle ?</h3>
<p>BookTranslator.ai utilise une technologie AI avancée pour garantir que le formatage, la mise en page et le style d'origine d'un fichier EPUB sont préservés lors de la traduction. Contrairement à la traduction manuelle, qui nécessite souvent des étapes supplémentaires pour reformater ou ajuster le texte, BookTranslator.ai maintient de manière transparente la structure du livre, y compris les polices, les images et l'organisation des chapitres.</p>
<p>Cela en fait une solution idéale pour traduire des eBooks tout en maintenant l'expérience de lecture cohérente et professionnelle dans toutes les langues.</p>
<script async type=""text/javascript"" src=""https://app.seobotai.com/banner/banner.js?id=681b125d4899b57b164b3e53""></script><script type=""application/ld+json"">{""@context"":""https://schema.org"",""@type"":""FAQPage"",""mainEntity"":[{""@type"":""Question"",""name"":""Comment BookTranslator.ai fournit-il des traductions précises et cohérentes dans différentes langues ?"",""acceptedAnswer"":{""@type"":""Answer"",""text"":""<p>BookTranslator.ai utilise une technologie AI avancée pour garantir que les traductions sont précises, cohérentes et fidèles au sens et au style du livre original. En analysant le contexte et le formatage, il préserve soigneusement le ton, la structure et l'intention du contenu tout en l'adaptant de manière transparente dans la langue cible.</p>\n<p>Avec le support de plus de 99 langues et un processus de traduction en un clic, BookTranslator.ai simplifie la tâche traditionnellement complexe de la traduction d'eBook, la rendant accessible tant aux lecteurs occasionnels qu'aux professionnels.</p>""}},{""@type"":""Question"",""name"":""Comment puis-je préparer mon fichier EPUB pour la traduction avec BookTranslator.ai ?"",""acceptedAnswer"":{""@type"":""Answer"",""text"":""<p>Pour obtenir les meilleurs résultats lors de l'utilisation de BookTranslator.ai, assurez-vous que votre fichier EPUB est prêt à être téléchargé. Assurez-vous que le fichier est au format EPUB correct et ne dépasse pas la limite de taille maximale de <strong>50 Mo</strong>. Une fois votre fichier préparé, vous pouvez le télécharger directement sur la plateforme pour commencer le processus de traduction. L'outil gère la préservation du formatage et du style, donc aucune ajustement supplémentaire n'est nécessaire avant le téléchargement.</p>""}},{""@type"":""Question"",""name"":""Comment la traduction alimentée par IA de BookTranslator.ai préserve-t-elle le formatage et le style d'un fichier EPUB par rapport à la traduction manuelle ?"",""acceptedAnswer"":{""@type"":""Answer"",""text"":""<p>BookTranslator.ai utilise une technologie AI avancée pour garantir que le formatage, la mise en page et le style d'origine d'un fichier EPUB sont préservés lors de la traduction. Contrairement à la traduction manuelle, qui nécessite souvent des étapes supplémentaires pour reformater ou ajuster le texte, BookTranslator.ai maintient de manière transparente la structure du livre, y compris les polices, les images et l'organisation des chapitres.</p>\n<p>Cela en fait une solution idéale pour traduire des eBooks tout en maintenant l'expérience de lecture cohérente et professionnelle dans toutes les langues.</p>""}}]}</script>","---
# Traducteur EPUB - Guide Complet pour la Traduction d'eBooks

La traduction [EPUB](https://en.wikipedia.org/wiki/EPUB) rend les eBooks accessibles dans différentes langues tout en préservant leur formatage et leur style. Ce guide explique comment traduire efficacement les fichiers [EPUB](https://en.wikipedia.org/wiki/EPUB) en utilisant des outils d'IA tels que [BookTranslator.ai](https://booktranslator.ai/).

### Points Clés :

-   **Pourquoi traduire des EPUB ?** Pour répondre à la demande croissante d'eBooks dans plusieurs langues.
-   **Défis :** Gestion de l'expansion du texte, des jeux de caractères, de la mise en page et des métadonnées.
-   **Solutions :** Les outils d'IA offrent des traductions plus rapides, moins coûteuses et plus précises par rapport aux méthodes manuelles.
-   **Fonctionnalités de BookTranslator.ai :**
    -   Prend en charge plus de 99 langues
    -   Préserve le formatage
    -   Coûte 5,99 $ par 100 000 mots (plan de base)
    -   Traduit des livres entiers en quelques minutes.

### Comparaison Rapide :

| Méthode | Temps | Coût | Formatage | Précision |
| --- | --- | --- | --- | --- |
| Manuel | Semaines/mois | Élevé ($$) | Peut être rompu | Varie |
| Traduction IA | Minutes | Faible (5,99 $/100k mots) | Préservé | ~95% |

Commencez à traduire vos fichiers EPUB rapidement et à moindre coût avec des outils d'IA tout en maintenant la qualité et la structure.

## Structure du Format [EPUB](https://en.wikipedia.org/wiki/EPUB)

### Composants des Fichiers EPUB

Les fichiers EPUB sont composés de plusieurs éléments clés qui travaillent ensemble pour créer une expérience de lecture fluide.

-   **Couche de Contenu Textuel** : Le texte principal est stocké au format [XHTML](https://en.wikipedia.org/wiki/XHTML), ce qui garantit un bon flux de texte et une réactivité sur les appareils.
-   **Éléments de Style** : [CSS](https://en.wikipedia.org/wiki/CSS) gère les aspects visuels du livre, y compris :
    -   Polices
    -   Mises en page des pages
    -   Alignement du texte
    -   Couleurs
    -   Marges
-   **Conteneur de Métadonnées** : Cela contient des détails essentiels sur le livre tels que :
    -   Titre et auteur
    -   Date de publication
    -   Langue
    -   [ISBN](https://en.wikipedia.org/wiki/ISBN)
    -   Informations sur le droit d'auteur

Des métadonnées précises sont essentielles pour garantir que tous les détails du livre soient correctement transférés lors de la traduction.

### Obstacles à la Traduction

Voici quelques défis techniques courants qui surgissent lors de la traduction EPUB :

| Défi | Impact | Ce qui est Nécessaire |
| --- | --- | --- |
| Expansion du Texte | Le texte traduit peut prendre plus de place | Mises en page flexibles |
| Jeux de Caractères | Les caractères ou polices spéciaux peuvent ne pas s'afficher | Support complet de [Unicode](https://en.wikipedia.org/wiki/Unicode) |
| Flux de Page | Le reflow du texte peut perturber la mise en page | Outils pour préserver le formatage |
| Synchronisation des Métadonnées | Les détails du livre doivent rester cohérents | Gestion fiable des métadonnées |

Ces défis nécessitent une attention particulière pour maintenir le design et la fonctionnalité du livre. Traduire un EPUB implique plus que de simplement convertir le texte - cela inclut également la gestion d'éléments comme la navigation, les liens internes et la structure globale.

Les outils de traduction modernes par IA simplifient ce processus en préservant le formatage et en atteignant des niveaux de précision élevés (environ 95 % pour certains couples de langues).

## Méthodes de Traduction Manuelle vs. IA

### Inconvénients de la Traduction Manuelle

La traduction manuelle des fichiers EPUB implique d'extraire le texte, de le traduire et de reformater le contenu - un processus qui peut prendre des semaines, voire des mois. En plus d'être lent, la traduction manuelle est souvent beaucoup plus coûteuse, ce qui limite le nombre de langues que les éditeurs peuvent offrir aux lecteurs.

Voici quelques problèmes courants avec la traduction manuelle :

-   **Chronophage** : Traduire et reformater chaque livre demande beaucoup d'efforts humains.
-   **Problèmes de Formatage** : L'extraction du texte peut perturber le design et la mise en page d'origine de l'EPUB.
-   **Résultats Inconsistants** : Différents traducteurs peuvent interpréter le contenu de manière variée, entraînant une qualité inégale.
-   **Défis de Mise à l'Échelle** : Traduire en plusieurs langues nécessite un travail supplémentaire considérable, rendant l'expansion difficile.

Ces défis montrent clairement pourquoi une méthode alternative plus efficace est nécessaire.

### Avantages de la Traduction IA

La traduction par IA offre une solution automatisée plus rapide par rapport aux méthodes manuelles. Elle fournit des traductions rapides et abordables tout en maintenant le formatage et le style d'origine du fichier EPUB.

Voici comment la traduction IA se distingue :

| Fonctionnalité | Avantage | Impact |
| --- | --- | --- |
| **Vitesse** | Traduction en un clic | Livres entiers traduits en quelques minutes |
| **Économies de Coût** | 5,99 $ par 100 000 mots | Bien moins cher que la traduction manuelle |
| **Formatage** | Préservation automatisée | Garde le design original de l'EPUB intact |

Au-delà de ces fonctionnalités, la traduction IA offre également :

-   **Qualité Cohérente** : Garantit un résultat uniforme tout au long du livre.
-   **Capacité Multilingue** : Permet une traduction simultanée en plusieurs langues.

> ""Préservation de la qualité exceptionnelle."" – Javier R., Traducteur [\[1\]](https://booktranslator.ai)

Avec des taux de précision atteignant environ 95 % pour certains couples de langues [\[1\]](https://booktranslator.ai), la traduction IA est un moyen fiable de rendre la littérature accessible aux lecteurs du monde entier.

## Comment traduire des ebooks (epub) ?

::: @iframe https://www.youtube.com/embed/1602jirh8tE
:::

## Exigences Clés du Traducteur EPUB

La traduction EPUB présente son propre ensemble de défis, notamment en ce qui concerne le maintien de la structure et du contexte. Ces exigences visent à garantir un processus de traduction fluide et efficace.

### Conservation du Format

Maintenir le formatage d'origine est essentiel pour préserver l'expérience de lecture. Cela inclut le maintien des ruptures de chapitres, des images, des tableaux et des symboles. Un système fiable devrait gérer :

-   Mises en page et designs complexes
-   Alignement et mise en page du texte
-   Styles de police
-   Placement des images et des légendes
-   Structures de tableaux
-   Caractères spéciaux

Une fois le formatage préservé, l'accent est mis sur la livraison de traductions précises.

### Qualité de Traduction

Une traduction de haute qualité va au-delà de la conversion mot à mot. Elle capture le sens, le contexte et les nuances culturelles du texte original tout en garantissant que la version traduite est facile à lire.

Les données montrent que la précision de la traduction pour de nombreux couples de langues est d'environ 95 % [\[1\]](https://booktranslator.ai). Ce niveau de précision aide à offrir une expérience de lecture fluide dans la langue cible.

> ""Bien plus fiable que d'autres outils."" - Min-jun P., Chercheur [\[1\]](https://booktranslator.ai)

Les aspects clés d'une traduction de qualité incluent :

-   Sensibilisation au contexte
-   Gestion appropriée des expressions idiomatiques
-   Adaptation aux références culturelles
-   Utilisation cohérente de la terminologie
-   Flux de langage fluide et naturel

Avec la qualité de traduction abordée, l'utilisabilité devient la prochaine priorité.

### Interface Simple

Un bon traducteur EPUB combine des fonctionnalités avancées avec une interface facile à naviguer. L'objectif est de rendre le processus efficace et convivial. Les principales fonctionnalités de l'interface incluent :

| Fonctionnalité | Objectif | Impact |
| --- | --- | --- |
| Traduction en un clic | Rationaliser le flux de travail | Gagner du temps |
| Détection de langue | Automatiser la configuration | Réduire les saisies manuelles |
| Suivi de progression | Surveiller la traduction | Améliorer la gestion de projet |
| Fonctionnalité d'aperçu | Vérifier l'exactitude | Assurer la qualité de la traduction |

Avec le support de plus de 99 langues, ces outils permettent aux utilisateurs de se connecter avec un public mondial sans complexité inutile.

###### sbb-itb-0c0385d

## [BookTranslator.ai](https://booktranslator.ai/) Présentation

![BookTranslator.ai](https://assets.seobotai.com/booktranslator.ai/681b125d4899b57b164b3e53/c677691575eb606407735ef569ec6476.jpg)

BookTranslator.ai offre une solution ciblée pour traduire des fichiers EPUB, rendant le processus fluide et efficace.

### Fonctions du Système

Cette plateforme utilise une IA avancée pour gérer les traductions EPUB en trois étapes principales :

-   **Extraction de Texte** : Extrait le contenu du fichier EPUB tout en gardant les chapitres, paragraphes et formatage intacts.
-   **Traduction Intelligente** : Traduit le contenu tout en respectant le contexte et le style original de l'auteur.
-   **Reconstruction de Format** : Reconstruit le contenu traduit pour correspondre à la mise en page d'origine, y compris les images, tableaux et éléments de design.

### Caractéristiques Clés

BookTranslator.ai propose plusieurs fonctionnalités qui simplifient la traduction EPUB :

**Options de Langue**  
Prend en charge plus de 99 langues, permettant aux éditeurs d'atteindre un public mondial dans leur langue préférée.

**Formatage Préservé**  
Garde intacts les éléments critiques du livre, tels que :

-   Structures de chapitres et sections
-   Placement des images et tableaux
-   Styles de police et alignement du texte

**Traitement Rapide**  
Traduisez des livres entiers d'un simple clic, tout en maintenant la vitesse et la qualité.

### Détails Techniques

La plateforme combine facilité d'utilisation avec une performance technique solide :

| Fonctionnalité | Spécification | Avantage |
| --- | --- | --- |
| Vitesse de Traduction | Traitement en un clic | Commencez les traductions immédiatement |
| Limite de Taille de Fichier | Jusqu'à 50 Mo | Adapté à la plupart des fichiers EPUB |
| Taux de Précision | ~95 % pour les langues prises en charge | Fournit des résultats professionnels |
| Plan de Base | 5,99 $ par 100 000 mots | Abordable pour les grands projets |

> ""Préservation de la qualité exceptionnelle."" - Javier R., Traducteur [\[1\]](https://booktranslator.ai)

Ces fonctionnalités font de BookTranslator.ai un outil fiable pour quiconque cherche à traduire des livres EPUB efficacement et efficacement.

## Utiliser BookTranslator.ai

Voici un guide rapide pour traduire un EPUB avec BookTranslator.ai, rendant le processus simple et efficace.

### Configuration du Fichier

Avant de commencer, assurez-vous que votre fichier EPUB répond à ces critères : **sans DRM**, **moins de 50 Mo**, et **bien structuré**. Une bonne préparation aide l'outil à maintenir la mise en page d'origine de votre document lors de la traduction.

### Étapes de Traduction

1.  Téléchargez votre fichier et choisissez parmi plus de 99 langues cibles.
2.  Choisissez un plan qui correspond à vos besoins.
3.  Cliquez sur le bouton ""Traduire"" pour commencer le processus automatisé.

Le coût est calculé en fonction du nombre de mots de votre livre, avec un coût minimum de **5,99 $**.

### Vérification de la Qualité

Après la traduction, il est essentiel de revoir les résultats attentivement. Voici comment :

-   **Revue Initiale** : Vérifiez l'organisation des chapitres, le placement des images, le formatage des tableaux, les styles de police et l'alignement du texte.
-   **Revue Approfondie** : Parcourez l'ensemble du document pour détecter d'éventuelles erreurs ou incohérences.
-   **Tests sur Appareils** : Ouvrez l'EPUB traduit sur divers lecteurs électroniques pour garantir un bon flux de texte, un affichage correct des caractères, des transitions de pages fluides et une cohérence générale de la mise en page.

Utilisez le tableau ci-dessous pour guider votre vérification de qualité :

| Zone de Vérification de Qualité | Ce qu'il faut Vérifier |
| --- | --- |
| Structure du Contenu | Ordre correct des chapitres et ruptures de sections |
| Éléments Visuels | Placement précis des images et alignement des légendes |
| Formatage du Texte | Polices cohérentes et espacement des paragraphes approprié |
| Éléments Techniques | Liens de navigation fonctionnels et table des matières |

> ""Incroyablement intuitif à utiliser."" - Aisha K., Étudiante [\[1\]](https://booktranslator.ai)

## Prochaines Étapes

### Points Clés

BookTranslator.ai offre un service de traduction par IA qui maintient les mises en page des livres intactes, prend en charge plus de 99 langues et commence à seulement 5,99 $ par 100 000 mots. Avec un accent sur la conservation du format et la qualité de traduction, il est conçu pour l'efficacité.

> ""Bien plus fiable que d'autres outils."" - Min-jun P., Chercheur [\[1\]](https://booktranslator.ai)

### Commencez votre Traduction

Prêt à commencer ? Voici un bref récapitulatif et guide pour démarrer votre projet de traduction.

Jetez un œil aux plans de traduction disponibles :

| Plan de Traduction | Coût par 100 000 Mots | Idéal Pour |
| --- | --- | --- |
| Basique | 5,99 $ | Traductions standard avec précision fiable |
| Pro | 9,99 $ | Précision supérieure utilisant le dernier modèle d'IA |

Suivez ces étapes simples pour traduire votre fichier EPUB en quelques minutes :

-   **Assurez-vous que votre fichier EPUB est prêt** : Il doit être sans DRM, moins de 50 Mo et correctement formaté.
-   **Choisissez votre langue cible** : Choisissez parmi plus de 99 options.
-   **Sélectionnez votre plan** : Décidez entre Basique ou Pro, selon vos besoins.
-   **Cliquez sur ""Traduire""** : Commencez le processus et laissez BookTranslator.ai s'occuper du reste.

> ""Préservation de la qualité exceptionnelle."" - Javier R., Traducteur [\[1\]](https://booktranslator.ai)

Pas satisfait des résultats ? BookTranslator.ai offre une garantie de remboursement pour votre tranquillité d'esprit.

## FAQ

::: faq
### Comment BookTranslator.ai fournit-il des traductions précises et cohérentes dans différentes langues ?

BookTranslator.ai utilise une technologie IA avancée pour garantir que les traductions sont précises, cohérentes et fidèles au sens et au style du livre original. En analysant le contexte et le formatage, il préserve soigneusement le ton, la structure et l'intention du contenu tout en l'adaptant sans problème à la langue cible.

Avec le support de plus de 99 langues et un processus de traduction en un clic, BookTranslator.ai simplifie la tâche traditionnellement complexe de la traduction d'eBook, la rendant accessible aux lecteurs occasionnels comme aux professionnels.
:::

::: faq
### Comment puis-je préparer mon fichier EPUB pour la traduction avec BookTranslator.ai ?

Pour obtenir les meilleurs résultats lors de l'utilisation de BookTranslator.ai, assurez-vous que votre fichier EPUB est prêt à être téléchargé. Assurez-vous que le fichier est au format EPUB correct et ne dépasse pas la limite de taille maximale de **50 Mo**. Une fois votre fichier préparé, vous pouvez le télécharger directement sur la plateforme pour commencer le processus de traduction. L'outil gère la préservation du format et du style, donc aucun ajustement supplémentaire n'est nécessaire avant le téléchargement.
:::

::: faq
### Comment la traduction alimentée par IA de BookTranslator.ai préserve-t-elle le formatage et le style d'un fichier EPUB par rapport à la traduction manuelle ?

BookTranslator.ai utilise une technologie IA avancée pour garantir que le formatage, la mise en page et le style d'origine d'un fichier EPUB sont préservés pendant la traduction. Contrairement à la traduction manuelle, qui nécessite souvent des étapes supplémentaires pour reformater ou ajuster le texte, BookTranslator.ai maintient sans effort la structure du livre, y compris les polices, les images et l'organisation des chapitres.

C'est une solution idéale pour traduire des eBooks tout en maintenant l'expérience de lecture cohérente et professionnelle à travers les langues.
:::","translated","2025-05-09 09:16:27.421","2025-05-09 09:19:41.789","{}","{""slug"":""translation"",""title"":""Traduction""}","https://assets.seobotai.com/cdn-cgi/image/quality=75,w=1536,h=1024/booktranslator.ai/681b125d4899b57b164b3e53-1746606490213.jpg","Littérature, Technologie, Traduction","https://storage.googleapis.com/booktranslator2/blog/epub-translator-complete-guide-to-ebook-translation-1746782184372.jpg?X-Goog-Algorithm=GOOG4-RSA-SHA256&X-Goog-Credential=booktranslatorai%40book-translator-439914.iam.gserviceaccount.com%2F20250509%2Fauto%2Fstorage%2Fgoog4_request&X-Goog-Date=20250509T091626Z&X-Goog-Expires=604800&X-Goog-SignedHeaders=host&X-Goog-Signature=239f50f12979dfc2870b46144c6fc2ec440f6989eb9f988e126c79f70d73a086422a62c7a003e9a1f73dc5e4d19e319f8d9988e69d74509e52f9f269356b521c34bf6d74866580defd48137d279557e2fe529d2b465a98444eecabe8a40b188389c665da38ed5c000b3133736d63fad7f33f1432a48e9496a1938f17eef61276ae5bc3492809f00cf553af6982f81334e7049661286cc825d41f3f4da84b4cf28cd1fd462fcaf54d78066143e1e975442dba13ab2359c0e8a298f8fe55d5cb12a265a861916a248d514af6132ceaabec6c19c0c8d8bffd1dff0731f2f51b6a6d90fefe9a083fe9c0cb8eaa487875667cb5c5f87fae565736d3ed0ed1d26e869d","<ul id=""table-of-contents-list""><ul><li><a href=""#key-takeaways"">Principaux enseignements :</a></li><li><a href=""#quick-comparison"">Comparaison rapide :</a></li></ul></li><li><a href=""#epub-format-structure"">Structure du format EPUB</a><ul><li><a href=""#epub-file-components"">Composants du fichier EPUB</a></li><li><a href=""#translation-hurdles"">Obstacles à la traduction</a></li></ul></li><li><a href=""#manual-vs-ai-translation-methods"">Méthodes de traduction manuelle vs. IA</a><ul><li><a href=""#manual-translation-drawbacks"">Inconvénients de la traduction manuelle</a></li><li><a href=""#ai-translation-benefits"">Avantages de la traduction par IA</a></li></ul></li><li><a href=""#how-to-translate-ebooks-epub"">Comment traduire des ebooks (epub) ?</a></li><li><a href=""#key-epub-translator-requirements"">Exigences clés pour les traducteurs EPUB</a><ul><li><a href=""#format-retention"">Conservation du format</a></li><li><a href=""#translation-quality"">Qualité de la traduction</a></li><li><a href=""#simple-interface"">Interface simple</a></li></ul></li><li><a href=""#booktranslatorai-overview"">Présentation de BookTranslator.ai</a><ul><li><a href=""#system-functions"">Fonctions du système</a></li><li><a href=""#key-features"">Caractéristiques clés</a></li><li><a href=""#technical-details"">Détails techniques</a></li></ul></li><li><a href=""#using-booktranslatorai"">Utiliser BookTranslator.ai</a><ul><li><a href=""#file-setup"">Configuration du fichier</a></li><li><a href=""#translation-steps"">Étapes de traduction</a></li><li><a href=""#quality-check"">Vérification de la qualité</a></li></ul></li><li><a href=""#next-steps"">Étapes suivantes</a><ul><li><a href=""#key-highlights"">Points clés</a></li><li><a href=""#get-started-with-your-translation"">Commencer votre traduction</a></li></ul></li><li><a href=""#faqs"">FAQs</a><ul><li><a href=""#how-does-booktranslatorai-deliver-accurate-and-consistent-translations-across-different-languages"">Comment BookTranslator.ai fournit-il des traductions précises et cohérentes dans différentes langues ?</a></li><li><a href=""#how-can-i-prepare-my-epub-file-for-translation-with-booktranslatorai"">Comment puis-je préparer mon fichier EPUB pour la traduction avec BookTranslator.ai ?</a></li><li><a href=""#how-does-booktranslatorais-ai-powered-translation-preserve-the-formatting-and-style-of-an-epub-file-compared-to-manual-translation"">Comment la traduction alimentée par IA de BookTranslator.ai préserve-t-elle le format et le style d'un fichier EPUB par rapport à la traduction manuelle ?</a></li></ul></ul>","false",,"9","[]","epub-translator-guide-complet-de-la-traduction-debook","[{""slug"":""literature"",""title"":""Littérature""},{""slug"":""technology"",""title"":""Technologie""},{""slug"":""translation"",""title"":""Traduction""}]"