"id","slug","headline","metaDescription","metaKeywords","html","markdown","outline","published","publishedAt","updatedAt","image","myImageUrl","tags","category","readingTime","blog","relatedPosts"
"cmafrpn170000v2xzmtgqybkh","epub-translator-complete-guide-to-ebook-translation","EPUB Translator - Complete Guide to eBook Translation","Learn how to effectively translate EPUB files using AI tools, ensuring quality and preserving formatting for a seamless reading experience.","Literature, Technology, Translation","<h1 id=""epub-translator-complete-guide-to-ebook-translation"" tabindex=""-1"">EPUB Translator - Complete Guide to eBook Translation</h1>
<p><a href=""https://en.wikipedia.org/wiki/EPUB"" target=""_blank"" rel=""nofollow noopener noreferrer"">EPUB</a> translation makes eBooks accessible in different languages while preserving their formatting and style. This guide explains how to translate <a href=""https://en.wikipedia.org/wiki/EPUB"" target=""_blank"" rel=""nofollow noopener noreferrer"">EPUB</a> files effectively using AI tools like <a href=""https://booktranslator.ai/"">BookTranslator.ai</a>.</p>
<h3 id=""key-takeaways"" tabindex=""-1"">Key Takeaways:</h3>
<ul>
<li><strong>Why Translate EPUBs?</strong> To meet the growing demand for eBooks in multiple languages.</li>
<li><strong>Challenges:</strong> Handling text expansion, character sets, layout, and metadata.</li>
<li><strong>Solutions:</strong> AI tools offer faster, cheaper, and more accurate translations compared to manual methods.</li>
<li><strong>BookTranslator.ai Features:</strong>
<ul>
<li>Supports 99+ languages</li>
<li>Preserves formatting</li>
<li>Costs $5.99 per 100,000 words (basic plan)</li>
<li>Translates entire books in minutes.</li>
</ul>
</li>
</ul>
<h3 id=""quick-comparison"" tabindex=""-1"">Quick Comparison:</h3>
<table>
<thead>
<tr>
<th>Method</th>
<th>Time</th>
<th>Cost</th>
<th>Formatting</th>
<th>Accuracy</th>
</tr>
</thead>
<tbody>
<tr>
<td>Manual</td>
<td>Weeks/months</td>
<td>High ($$$)</td>
<td>May break</td>
<td>Varies</td>
</tr>
<tr>
<td>AI Translation</td>
<td>Minutes</td>
<td>Low ($5.99/100k words)</td>
<td>Preserved</td>
<td>~95%</td>
</tr>
</tbody>
</table>
<p>Start translating your EPUB files quickly and affordably with AI tools while maintaining quality and structure.</p>
<h2 id=""epub-format-structure"" tabindex=""-1"" class=""sb h2-sbb-cls""><a href=""https://en.wikipedia.org/wiki/EPUB"" target=""_blank"" rel=""nofollow noopener noreferrer"">EPUB</a> Format Structure</h2>
<h3 id=""epub-file-components"" tabindex=""-1"">EPUB File Components</h3>
<p>EPUB files are made up of several key elements that work together to create a smooth reading experience.</p>
<ul>
<li><strong>Text Content Layer</strong>: The main text is stored in <a href=""https://en.wikipedia.org/wiki/XHTML"" target=""_blank"" rel=""nofollow noopener noreferrer"">XHTML</a> format, which ensures proper text flow and responsiveness across devices.</li>
<li><strong>Styling Elements</strong>: <a href=""https://en.wikipedia.org/wiki/CSS"" target=""_blank"" rel=""nofollow noopener noreferrer"">CSS</a> handles the visual aspects of the book, including:
<ul>
<li>Fonts</li>
<li>Page layouts</li>
<li>Text alignment</li>
<li>Colors</li>
<li>Margins</li>
</ul>
</li>
<li><strong>Metadata Container</strong>: This holds essential book details such as:
<ul>
<li>Title and author</li>
<li>Publication date</li>
<li>Language</li>
<li><a href=""https://en.wikipedia.org/wiki/ISBN"" target=""_blank"" rel=""nofollow noopener noreferrer"">ISBN</a></li>
<li>Copyright information</li>
</ul>
</li>
</ul>
<p>Accurate metadata is critical to ensure all book details are properly transferred during translation.</p>
<h3 id=""translation-hurdles"" tabindex=""-1"">Translation Hurdles</h3>
<p>Here are some common technical challenges that arise during EPUB translation:</p>
<table>
<thead>
<tr>
<th>Challenge</th>
<th>Impact</th>
<th>What’s Needed</th>
</tr>
</thead>
<tbody>
<tr>
<td>Text Expansion</td>
<td>Translated text may take up more space</td>
<td>Flexible layouts</td>
</tr>
<tr>
<td>Character Sets</td>
<td>Special characters or fonts might not display</td>
<td>Full <a href=""https://en.wikipedia.org/wiki/Unicode"" target=""_blank"" rel=""nofollow noopener noreferrer"">Unicode</a> support</td>
</tr>
<tr>
<td>Page Flow</td>
<td>Text reflow can disrupt the layout</td>
<td>Tools to preserve formatting</td>
</tr>
<tr>
<td>Metadata Sync</td>
<td>Book details must stay consistent</td>
<td>Reliable metadata management</td>
</tr>
</tbody>
</table>
<p>These challenges require careful attention to maintain the book's design and functionality. Translating an EPUB involves more than just converting text - it also includes handling elements like navigation, internal links, and overall structure.</p>
<p>Modern AI translation tools simplify this process by preserving formatting and achieving high levels of accuracy (around 95% for some language pairs).</p>
<h2 id=""manual-vs-ai-translation-methods"" tabindex=""-1"" class=""sb h2-sbb-cls"">Manual vs. AI Translation Methods</h2>
<h3 id=""manual-translation-drawbacks"" tabindex=""-1"">Manual Translation Drawbacks</h3>
<p>Translating EPUB files manually involves extracting text, translating it, and reformatting the content - a process that can take weeks or even months. Besides being slow, manual translation is often much more expensive, which limits the number of languages publishers can offer to readers.</p>
<p>Here are some common issues with manual translation:</p>
<ul>
<li><strong>Time-Consuming</strong>: Translating and reformatting each book demands a lot of human effort.</li>
<li><strong>Formatting Problems</strong>: Extracting text can disrupt the original EPUB design and layout.</li>
<li><strong>Inconsistent Results</strong>: Different translators may interpret content in varying ways, leading to uneven quality.</li>
<li><strong>Scaling Challenges</strong>: Translating into multiple languages requires significant additional labor, making it difficult to expand.</li>
</ul>
<p>These challenges make it clear why an alternative, more efficient method is needed.</p>
<h3 id=""ai-translation-benefits"" tabindex=""-1"">AI Translation Benefits</h3>
<p>AI translation offers a faster, automated solution compared to manual methods. It delivers quick, affordable translations while maintaining the original formatting and style of the EPUB file.</p>
<p>Here’s how AI translation stands out:</p>
<table>
<thead>
<tr>
<th>Feature</th>
<th>Benefit</th>
<th>Impact</th>
</tr>
</thead>
<tbody>
<tr>
<td><strong>Speed</strong></td>
<td>One-click translation</td>
<td>Entire books translated in just minutes</td>
</tr>
<tr>
<td><strong>Cost Savings</strong></td>
<td>$5.99 per 100,000 words</td>
<td>Far cheaper than manual translation</td>
</tr>
<tr>
<td><strong>Formatting</strong></td>
<td>Automated preservation</td>
<td>Keeps the original EPUB design intact</td>
</tr>
</tbody>
</table>
<p>Beyond these features, AI translation also provides:</p>
<ul>
<li><strong>Consistent Quality</strong>: Ensures uniform output throughout the book.</li>
<li><strong>Multi-Language Capability</strong>: Enables simultaneous translation into several languages.</li>
</ul>
<blockquote>
<p>&quot;Exceptional quality preservation.&quot; – Javier R., Translator </p>
</blockquote>
<p>With accuracy rates reaching approximately 95% for some language pairs, AI translation is a dependable way to make literature accessible to readers worldwide.</p>
<h2 id=""how-to-translate-ebooks-epub"" tabindex=""-1"" class=""sb h2-sbb-cls"">How to translate ebooks (epub)?</h2>
<iframe class=""sb-iframe"" src=""https://www.youtube.com/embed/1602jirh8tE"" frameborder=""0"" loading=""lazy"" allowfullscreen style=""width: 100%; height: auto; aspect-ratio: 16/9;""></iframe><h2 id=""key-epub-translator-requirements"" tabindex=""-1"" class=""sb h2-sbb-cls"">Key EPUB Translator Requirements</h2>
<p>EPUB translation comes with its own set of challenges, particularly when it comes to maintaining structure and context. These requirements aim to ensure a smooth and effective translation process.</p>
<h3 id=""format-retention"" tabindex=""-1"">Format Retention</h3>
<p>Keeping the original formatting intact is essential to preserve the reading experience. This includes maintaining chapter breaks, images, tables, and symbols. A reliable system should handle:</p>
<ul>
<li>Complex layouts and designs</li>
<li>Text alignment and layout</li>
<li>Font styles</li>
<li>Placement of images and captions</li>
<li>Table structures</li>
<li>Special characters</li>
</ul>
<p>Once the formatting is preserved, the focus shifts to delivering accurate translations.</p>
<h3 id=""translation-quality"" tabindex=""-1"">Translation Quality</h3>
<p>High-quality translation goes beyond word-for-word conversion. It captures the meaning, context, and cultural nuances of the original text while ensuring the translated version is easy to read.</p>
<p>Data shows that translation accuracy for many language pairs is around 95%. This level of precision helps deliver a seamless reading experience in the target language.</p>
<blockquote>
<p>&quot;Far more reliable than other tools.&quot; - Min-jun P., Researcher </p>
</blockquote>
<p>Key aspects of quality translation include:</p>
<ul>
<li>Awareness of context</li>
<li>Proper handling of idiomatic expressions</li>
<li>Adapting to cultural references</li>
<li>Consistent use of terminology</li>
<li>Smooth, natural language flow</li>
</ul>
<p>With translation quality addressed, usability becomes the next priority.</p>
<h3 id=""simple-interface"" tabindex=""-1"">Simple Interface</h3>
<p>A good EPUB translator combines advanced features with an easy-to-navigate interface. The goal is to make the process efficient and user-friendly. Key interface features include:</p>
<table>
<thead>
<tr>
<th>Feature</th>
<th>Purpose</th>
<th>Impact</th>
</tr>
</thead>
<tbody>
<tr>
<td>One-click translation</td>
<td>Streamline workflow</td>
<td>Save time</td>
</tr>
<tr>
<td>Language detection</td>
<td>Automate setup</td>
<td>Reduce manual input</td>
</tr>
<tr>
<td>Progress tracking</td>
<td>Monitor translation</td>
<td>Improve project management</td>
</tr>
<tr>
<td>Preview capability</td>
<td>Verify accuracy</td>
<td>Ensure translation quality</td>
</tr>
</tbody>
</table>
<p>With support for over 99 languages, these tools empower users to connect with a global audience without unnecessary complexity.</p>
<h6 id=""sbb-itb-0c0385d"" tabindex=""-1"">sbb-itb-0c0385d</h6>
<h2 id=""booktranslatorai-overview"" tabindex=""-1"" class=""sb h2-sbb-cls""><a href=""https://booktranslator.ai/"">BookTranslator.ai</a> Overview</h2>
<p><img src=""https://assets.seobotai.com/booktranslator.ai/681b125d4899b57b164b3e53/c677691575eb606407735ef569ec6476.jpg"" alt=""BookTranslator.ai""></p>
<p>BookTranslator.ai provides a focused solution for translating EPUB files, making the process smooth and efficient.</p>
<h3 id=""system-functions"" tabindex=""-1"">System Functions</h3>
<p>This platform uses advanced AI to handle EPUB translations in three main steps:</p>
<ul>
<li><strong>Text Extraction</strong>: Pulls content from the EPUB file while keeping chapters, paragraphs, and formatting intact.</li>
<li><strong>Smart Translation</strong>: Translates the content while respecting the context and the original style of the author.</li>
<li><strong>Format Reconstruction</strong>: Rebuilds the translated content to match the original layout, including images, tables, and design elements.</li>
</ul>
<h3 id=""key-features"" tabindex=""-1"">Key Features</h3>
<p>BookTranslator.ai offers several features that make EPUB translation easier:</p>
<p><strong>Language Options</strong><br>
Supports over 99 languages, allowing publishers to reach a global audience in their preferred language.</p>
<p><strong>Preserved Formatting</strong><br>
Keeps critical book elements intact, such as:</p>
<ul>
<li>Chapter and section structures</li>
<li>Placement of images and tables</li>
<li>Font styles and text alignment</li>
</ul>
<p><strong>Quick Processing</strong><br>
Translate entire books with just one click, maintaining both speed and quality.</p>
<h3 id=""technical-details"" tabindex=""-1"">Technical Details</h3>
<p>The platform combines ease of use with strong technical performance:</p>
<table>
<thead>
<tr>
<th>Feature</th>
<th>Specification</th>
<th>Benefit</th>
</tr>
</thead>
<tbody>
<tr>
<td>Translation Speed</td>
<td>One-click processing</td>
<td>Start translations instantly</td>
</tr>
<tr>
<td>File Size Limit</td>
<td>Up to 50MB</td>
<td>Suitable for most EPUB files</td>
</tr>
<tr>
<td>Accuracy Rate</td>
<td>~95% for supported languages</td>
<td>Delivers professional results</td>
</tr>
<tr>
<td>Basic Plan</td>
<td>$5.99 per 100,000 words</td>
<td>Affordable for large projects</td>
</tr>
</tbody>
</table>
<blockquote>
<p>&quot;Exceptional quality preservation.&quot; - Javier R., Translator </p>
</blockquote>
<p>These features make BookTranslator.ai a reliable tool for anyone looking to translate EPUB books efficiently and effectively.</p>
<h2 id=""using-booktranslatorai"" tabindex=""-1"" class=""sb h2-sbb-cls"">Using BookTranslator.ai</h2>
<p>Here's a quick guide to translating an EPUB with BookTranslator.ai, making the process straightforward and efficient.</p>
<h3 id=""file-setup"" tabindex=""-1"">File Setup</h3>
<p>Before you start, ensure your EPUB file meets these criteria: <strong>DRM-free</strong>, <strong>under 50MB</strong>, and <strong>well-structured</strong>. Proper preparation helps the tool maintain your document's original layout during translation.</p>
<h3 id=""translation-steps"" tabindex=""-1"">Translation Steps</h3>
<ol>
<li>Upload your file and choose from over 99 target languages.</li>
<li>Pick a plan that suits your needs.</li>
<li>Hit the &quot;Translate&quot; button to start the automated process.</li>
</ol>
<p>The cost is calculated based on your book's word count, with a minimum charge of <strong>$5.99</strong>.</p>
<h3 id=""quality-check"" tabindex=""-1"">Quality Check</h3>
<p>After translation, it's essential to review the results carefully. Here's how:</p>
<ul>
<li><strong>Initial Review</strong>: Check for chapter organization, image placement, table formatting, font styles, and text alignment.</li>
<li><strong>Thorough Review</strong>: Go over the entire document to catch any errors or inconsistencies.</li>
<li><strong>Device Testing</strong>: Open the translated EPUB on various e-readers to ensure proper text flow, character display, smooth page transitions, and overall layout consistency.</li>
</ul>
<p>Use the table below to guide your quality check:</p>
<table>
<thead>
<tr>
<th>Quality Check Area</th>
<th>What to Look For</th>
</tr>
</thead>
<tbody>
<tr>
<td>Content Structure</td>
<td>Correct chapter order and section breaks</td>
</tr>
<tr>
<td>Visual Elements</td>
<td>Accurate image placement and caption alignment</td>
</tr>
<tr>
<td>Text Formatting</td>
<td>Consistent fonts and appropriate paragraph spacing</td>
</tr>
<tr>
<td>Technical Elements</td>
<td>Functional navigation links and table of contents</td>
</tr>
</tbody>
</table>
<blockquote>
<p>&quot;Incredibly intuitive to use.&quot; - Aisha K., Student </p>
</blockquote>
<h2 id=""next-steps"" tabindex=""-1"" class=""sb h2-sbb-cls"">Next Steps</h2>
<h3 id=""key-highlights"" tabindex=""-1"">Key Highlights</h3>
<p>BookTranslator.ai offers an AI-driven translation service that keeps book layouts intact, supports over 99 languages, and starts at just $5.99 per 100,000 words. With a focus on both format retention and translation quality, it’s designed for efficiency.</p>
<blockquote>
<p>&quot;Far more reliable than other tools.&quot; - Min-jun P., Researcher </p>
</blockquote>
<h3 id=""get-started-with-your-translation"" tabindex=""-1"">Get Started with Your Translation</h3>
<p>Ready to begin? Here's a quick recap and guide to start your translation project.</p>
<p>Take a look at the available translation plans:</p>
<table>
<thead>
<tr>
<th>Translation Plan</th>
<th>Cost per 100,000 Words</th>
<th>Ideal For</th>
</tr>
</thead>
<tbody>
<tr>
<td>Basic</td>
<td>$5.99</td>
<td>Standard translations with reliable accuracy</td>
</tr>
<tr>
<td>Pro</td>
<td>$9.99</td>
<td>Higher accuracy using the latest AI model</td>
</tr>
</tbody>
</table>
<p>Follow these simple steps to translate your EPUB file in minutes:</p>
<ul>
<li><strong>Ensure your EPUB file is ready</strong>: It must be DRM-free, under 50MB, and properly formatted.</li>
<li><strong>Pick your target language</strong>: Choose from over 99 options.</li>
<li><strong>Select your plan</strong>: Decide between Basic or Pro, depending on your needs.</li>
<li><strong>Click &quot;Translate&quot;</strong>: Start the process and let BookTranslator.ai handle the rest.</li>
</ul>
<blockquote>
<p>&quot;Exceptional quality preservation.&quot; - Javier R., Translator </p>
</blockquote>
<p>Not happy with the results? BookTranslator.ai provides a money-back guarantee for peace of mind.</p>
<h2 id=""faqs"" tabindex=""-1"" class=""sb h2-sbb-cls"">FAQs</h2>
<h3 id=""how-does-booktranslatorai-deliver-accurate-and-consistent-translations-across-different-languages"" tabindex=""-1"" data-faq-q>How does BookTranslator.ai deliver accurate and consistent translations across different languages?</h3>
<p>BookTranslator.ai uses advanced AI technology to ensure translations are accurate, consistent, and true to the original book's meaning and style. By analyzing context and formatting, it carefully preserves the tone, structure, and intent of the content while adapting it seamlessly into the target language.</p>
<p>With support for 99+ languages and a one-click translation process, BookTranslator.ai simplifies the traditionally complex task of eBook translation, making it accessible to both casual readers and professionals alike.</p>
<h3 id=""how-can-i-prepare-my-epub-file-for-translation-with-booktranslatorai"" tabindex=""-1"" data-faq-q>How can I prepare my EPUB file for translation with BookTranslator.ai?</h3>
<p>To get the best results when using BookTranslator.ai, make sure your EPUB file is ready for upload. Ensure that the file is in the correct EPUB format and does not exceed the maximum size limit of <strong>50 MB</strong>. Once your file is prepared, you can upload it directly to the platform to start the translation process. The tool handles formatting and style preservation, so no additional adjustments are needed before uploading.</p>
<h3 id=""how-does-booktranslatorais-ai-powered-translation-preserve-the-formatting-and-style-of-an-epub-file-compared-to-manual-translation"" tabindex=""-1"" data-faq-q>How does BookTranslator.ai's AI-powered translation preserve the formatting and style of an EPUB file compared to manual translation?</h3>
<p>BookTranslator.ai uses advanced AI technology to ensure that the original formatting, layout, and style of an EPUB file are preserved during translation. Unlike manual translation, which often requires additional steps to reformat or adjust the text, BookTranslator.ai seamlessly maintains the book's structure, including fonts, images, and chapter organization.</p>
<p>This makes it an ideal solution for translating eBooks while keeping the reading experience consistent and professional across languages.</p>
<script async type=""text/javascript"" src=""https://app.seobotai.com/banner/banner.js?id=681b125d4899b57b164b3e53""></script><script type=""application/ld+json"">{""@context"":""https://schema.org"",""@type"":""FAQPage"",""mainEntity"":[{""@type"":""Question"",""name"":""How does BookTranslator.ai deliver accurate and consistent translations across different languages?"",""acceptedAnswer"":{""@type"":""Answer"",""text"":""<p>BookTranslator.ai uses advanced AI technology to ensure translations are accurate, consistent, and true to the original book's meaning and style. By analyzing context and formatting, it carefully preserves the tone, structure, and intent of the content while adapting it seamlessly into the target language.</p>\n<p>With support for 99+ languages and a one-click translation process, BookTranslator.ai simplifies the traditionally complex task of eBook translation, making it accessible to both casual readers and professionals alike.</p>""}},{""@type"":""Question"",""name"":""How can I prepare my EPUB file for translation with BookTranslator.ai?"",""acceptedAnswer"":{""@type"":""Answer"",""text"":""<p>To get the best results when using BookTranslator.ai, make sure your EPUB file is ready for upload. Ensure that the file is in the correct EPUB format and does not exceed the maximum size limit of <strong>50 MB</strong>. Once your file is prepared, you can upload it directly to the platform to start the translation process. The tool handles formatting and style preservation, so no additional adjustments are needed before uploading.</p>""}},{""@type"":""Question"",""name"":""How does BookTranslator.ai's AI-powered translation preserve the formatting and style of an EPUB file compared to manual translation?"",""acceptedAnswer"":{""@type"":""Answer"",""text"":""<p>BookTranslator.ai uses advanced AI technology to ensure that the original formatting, layout, and style of an EPUB file are preserved during translation. Unlike manual translation, which often requires additional steps to reformat or adjust the text, BookTranslator.ai seamlessly maintains the book's structure, including fonts, images, and chapter organization.</p>\n<p>This makes it an ideal solution for translating eBooks while keeping the reading experience consistent and professional across languages.</p>""}}]}</script>","# EPUB Translator - Complete Guide to eBook Translation

[EPUB](https://en.wikipedia.org/wiki/EPUB) translation makes eBooks accessible in different languages while preserving their formatting and style. This guide explains how to translate [EPUB](https://en.wikipedia.org/wiki/EPUB) files effectively using AI tools like [BookTranslator.ai](https://booktranslator.ai/).

### Key Takeaways:

-   **Why Translate EPUBs?** To meet the growing demand for eBooks in multiple languages.
-   **Challenges:** Handling text expansion, character sets, layout, and metadata.
-   **Solutions:** AI tools offer faster, cheaper, and more accurate translations compared to manual methods.
-   **BookTranslator.ai Features:**
    -   Supports 99+ languages
    -   Preserves formatting
    -   Costs $5.99 per 100,000 words (basic plan)
    -   Translates entire books in minutes.

### Quick Comparison:

| Method | Time | Cost | Formatting | Accuracy |
| --- | --- | --- | --- | --- |
| Manual | Weeks/months | High ($$$) | May break | Varies |
| AI Translation | Minutes | Low ($5.99/100k words) | Preserved | ~95% |

Start translating your EPUB files quickly and affordably with AI tools while maintaining quality and structure.

## [EPUB](https://en.wikipedia.org/wiki/EPUB) Format Structure

### EPUB File Components

EPUB files are made up of several key elements that work together to create a smooth reading experience.

-   **Text Content Layer**: The main text is stored in [XHTML](https://en.wikipedia.org/wiki/XHTML) format, which ensures proper text flow and responsiveness across devices.
-   **Styling Elements**: [CSS](https://en.wikipedia.org/wiki/CSS) handles the visual aspects of the book, including:
    -   Fonts
    -   Page layouts
    -   Text alignment
    -   Colors
    -   Margins
-   **Metadata Container**: This holds essential book details such as:
    -   Title and author
    -   Publication date
    -   Language
    -   [ISBN](https://en.wikipedia.org/wiki/ISBN)
    -   Copyright information

Accurate metadata is critical to ensure all book details are properly transferred during translation.

### Translation Hurdles

Here are some common technical challenges that arise during EPUB translation:

| Challenge | Impact | What’s Needed |
| --- | --- | --- |
| Text Expansion | Translated text may take up more space | Flexible layouts |
| Character Sets | Special characters or fonts might not display | Full [Unicode](https://en.wikipedia.org/wiki/Unicode) support |
| Page Flow | Text reflow can disrupt the layout | Tools to preserve formatting |
| Metadata Sync | Book details must stay consistent | Reliable metadata management |

These challenges require careful attention to maintain the book's design and functionality. Translating an EPUB involves more than just converting text - it also includes handling elements like navigation, internal links, and overall structure.

Modern AI translation tools simplify this process by preserving formatting and achieving high levels of accuracy (around 95% for some language pairs).

## Manual vs. AI Translation Methods

### Manual Translation Drawbacks

Translating EPUB files manually involves extracting text, translating it, and reformatting the content - a process that can take weeks or even months. Besides being slow, manual translation is often much more expensive, which limits the number of languages publishers can offer to readers.

Here are some common issues with manual translation:

-   **Time-Consuming**: Translating and reformatting each book demands a lot of human effort.
-   **Formatting Problems**: Extracting text can disrupt the original EPUB design and layout.
-   **Inconsistent Results**: Different translators may interpret content in varying ways, leading to uneven quality.
-   **Scaling Challenges**: Translating into multiple languages requires significant additional labor, making it difficult to expand.

These challenges make it clear why an alternative, more efficient method is needed.

### AI Translation Benefits

AI translation offers a faster, automated solution compared to manual methods. It delivers quick, affordable translations while maintaining the original formatting and style of the EPUB file.

Here’s how AI translation stands out:

| Feature | Benefit | Impact |
| --- | --- | --- |
| **Speed** | One-click translation | Entire books translated in just minutes |
| **Cost Savings** | $5.99 per 100,000 words | Far cheaper than manual translation |
| **Formatting** | Automated preservation | Keeps the original EPUB design intact |

Beyond these features, AI translation also provides:

-   **Consistent Quality**: Ensures uniform output throughout the book.
-   **Multi-Language Capability**: Enables simultaneous translation into several languages.

> ""Exceptional quality preservation."" – Javier R., Translator [\[1\]](https://booktranslator.ai)

With accuracy rates reaching approximately 95% for some language pairs [\[1\]](https://booktranslator.ai), AI translation is a dependable way to make literature accessible to readers worldwide.

## How to translate ebooks (epub)?

::: @iframe https://www.youtube.com/embed/1602jirh8tE
:::

## Key EPUB Translator Requirements

EPUB translation comes with its own set of challenges, particularly when it comes to maintaining structure and context. These requirements aim to ensure a smooth and effective translation process.

### Format Retention

Keeping the original formatting intact is essential to preserve the reading experience. This includes maintaining chapter breaks, images, tables, and symbols. A reliable system should handle:

-   Complex layouts and designs
-   Text alignment and layout
-   Font styles
-   Placement of images and captions
-   Table structures
-   Special characters

Once the formatting is preserved, the focus shifts to delivering accurate translations.

### Translation Quality

High-quality translation goes beyond word-for-word conversion. It captures the meaning, context, and cultural nuances of the original text while ensuring the translated version is easy to read.

Data shows that translation accuracy for many language pairs is around 95% [\[1\]](https://booktranslator.ai). This level of precision helps deliver a seamless reading experience in the target language.

> ""Far more reliable than other tools."" - Min-jun P., Researcher [\[1\]](https://booktranslator.ai)

Key aspects of quality translation include:

-   Awareness of context
-   Proper handling of idiomatic expressions
-   Adapting to cultural references
-   Consistent use of terminology
-   Smooth, natural language flow

With translation quality addressed, usability becomes the next priority.

### Simple Interface

A good EPUB translator combines advanced features with an easy-to-navigate interface. The goal is to make the process efficient and user-friendly. Key interface features include:

| Feature | Purpose | Impact |
| --- | --- | --- |
| One-click translation | Streamline workflow | Save time |
| Language detection | Automate setup | Reduce manual input |
| Progress tracking | Monitor translation | Improve project management |
| Preview capability | Verify accuracy | Ensure translation quality |

With support for over 99 languages, these tools empower users to connect with a global audience without unnecessary complexity.

###### sbb-itb-0c0385d

## [BookTranslator.ai](https://booktranslator.ai/) Overview

![BookTranslator.ai](https://assets.seobotai.com/booktranslator.ai/681b125d4899b57b164b3e53/c677691575eb606407735ef569ec6476.jpg)

BookTranslator.ai provides a focused solution for translating EPUB files, making the process smooth and efficient.

### System Functions

This platform uses advanced AI to handle EPUB translations in three main steps:

-   **Text Extraction**: Pulls content from the EPUB file while keeping chapters, paragraphs, and formatting intact.
-   **Smart Translation**: Translates the content while respecting the context and the original style of the author.
-   **Format Reconstruction**: Rebuilds the translated content to match the original layout, including images, tables, and design elements.

### Key Features

BookTranslator.ai offers several features that make EPUB translation easier:

**Language Options**  
Supports over 99 languages, allowing publishers to reach a global audience in their preferred language.

**Preserved Formatting**  
Keeps critical book elements intact, such as:

-   Chapter and section structures
-   Placement of images and tables
-   Font styles and text alignment

**Quick Processing**  
Translate entire books with just one click, maintaining both speed and quality.

### Technical Details

The platform combines ease of use with strong technical performance:

| Feature | Specification | Benefit |
| --- | --- | --- |
| Translation Speed | One-click processing | Start translations instantly |
| File Size Limit | Up to 50MB | Suitable for most EPUB files |
| Accuracy Rate | ~95% for supported languages | Delivers professional results |
| Basic Plan | $5.99 per 100,000 words | Affordable for large projects |

> ""Exceptional quality preservation."" - Javier R., Translator [\[1\]](https://booktranslator.ai)

These features make BookTranslator.ai a reliable tool for anyone looking to translate EPUB books efficiently and effectively.

## Using BookTranslator.ai

Here's a quick guide to translating an EPUB with BookTranslator.ai, making the process straightforward and efficient.

### File Setup

Before you start, ensure your EPUB file meets these criteria: **DRM-free**, **under 50MB**, and **well-structured**. Proper preparation helps the tool maintain your document's original layout during translation.

### Translation Steps

1.  Upload your file and choose from over 99 target languages.
2.  Pick a plan that suits your needs.
3.  Hit the ""Translate"" button to start the automated process.

The cost is calculated based on your book's word count, with a minimum charge of **$5.99**.

### Quality Check

After translation, it's essential to review the results carefully. Here's how:

-   **Initial Review**: Check for chapter organization, image placement, table formatting, font styles, and text alignment.
-   **Thorough Review**: Go over the entire document to catch any errors or inconsistencies.
-   **Device Testing**: Open the translated EPUB on various e-readers to ensure proper text flow, character display, smooth page transitions, and overall layout consistency.

Use the table below to guide your quality check:

| Quality Check Area | What to Look For |
| --- | --- |
| Content Structure | Correct chapter order and section breaks |
| Visual Elements | Accurate image placement and caption alignment |
| Text Formatting | Consistent fonts and appropriate paragraph spacing |
| Technical Elements | Functional navigation links and table of contents |

> ""Incredibly intuitive to use."" - Aisha K., Student [\[1\]](https://booktranslator.ai)

## Next Steps

### Key Highlights

BookTranslator.ai offers an AI-driven translation service that keeps book layouts intact, supports over 99 languages, and starts at just $5.99 per 100,000 words. With a focus on both format retention and translation quality, it’s designed for efficiency.

> ""Far more reliable than other tools."" - Min-jun P., Researcher [\[1\]](https://booktranslator.ai)

### Get Started with Your Translation

Ready to begin? Here's a quick recap and guide to start your translation project.

Take a look at the available translation plans:

| Translation Plan | Cost per 100,000 Words | Ideal For |
| --- | --- | --- |
| Basic | $5.99 | Standard translations with reliable accuracy |
| Pro | $9.99 | Higher accuracy using the latest AI model |

Follow these simple steps to translate your EPUB file in minutes:

-   **Ensure your EPUB file is ready**: It must be DRM-free, under 50MB, and properly formatted.
-   **Pick your target language**: Choose from over 99 options.
-   **Select your plan**: Decide between Basic or Pro, depending on your needs.
-   **Click ""Translate""**: Start the process and let BookTranslator.ai handle the rest.

> ""Exceptional quality preservation."" - Javier R., Translator [\[1\]](https://booktranslator.ai)

Not happy with the results? BookTranslator.ai provides a money-back guarantee for peace of mind.

## FAQs

::: faq
### How does BookTranslator.ai deliver accurate and consistent translations across different languages?

BookTranslator.ai uses advanced AI technology to ensure translations are accurate, consistent, and true to the original book's meaning and style. By analyzing context and formatting, it carefully preserves the tone, structure, and intent of the content while adapting it seamlessly into the target language.

With support for 99+ languages and a one-click translation process, BookTranslator.ai simplifies the traditionally complex task of eBook translation, making it accessible to both casual readers and professionals alike.
:::

::: faq
### How can I prepare my EPUB file for translation with BookTranslator.ai?

To get the best results when using BookTranslator.ai, make sure your EPUB file is ready for upload. Ensure that the file is in the correct EPUB format and does not exceed the maximum size limit of **50 MB**. Once your file is prepared, you can upload it directly to the platform to start the translation process. The tool handles formatting and style preservation, so no additional adjustments are needed before uploading.
:::

::: faq
### How does BookTranslator.ai's AI-powered translation preserve the formatting and style of an EPUB file compared to manual translation?

BookTranslator.ai uses advanced AI technology to ensure that the original formatting, layout, and style of an EPUB file are preserved during translation. Unlike manual translation, which often requires additional steps to reformat or adjust the text, BookTranslator.ai seamlessly maintains the book's structure, including fonts, images, and chapter organization.

This makes it an ideal solution for translating eBooks while keeping the reading experience consistent and professional across languages.
:::","<ul id=""table-of-contents-list""><ul><li><a href=""#key-takeaways"">Key Takeaways:</a></li><li><a href=""#quick-comparison"">Quick Comparison:</a></li></ul></li><li><a href=""#epub-format-structure"">EPUB Format Structure</a><ul><li><a href=""#epub-file-components"">EPUB File Components</a></li><li><a href=""#translation-hurdles"">Translation Hurdles</a></li></ul></li><li><a href=""#manual-vs-ai-translation-methods"">Manual vs. AI Translation Methods</a><ul><li><a href=""#manual-translation-drawbacks"">Manual Translation Drawbacks</a></li><li><a href=""#ai-translation-benefits"">AI Translation Benefits</a></li></ul></li><li><a href=""#how-to-translate-ebooks-epub"">How to translate ebooks (epub)?</a></li><li><a href=""#key-epub-translator-requirements"">Key EPUB Translator Requirements</a><ul><li><a href=""#format-retention"">Format Retention</a></li><li><a href=""#translation-quality"">Translation Quality</a></li><li><a href=""#simple-interface"">Simple Interface</a></li></ul></li><li><a href=""#booktranslatorai-overview"">BookTranslator.ai Overview</a><ul><li><a href=""#system-functions"">System Functions</a></li><li><a href=""#key-features"">Key Features</a></li><li><a href=""#technical-details"">Technical Details</a></li></ul></li><li><a href=""#using-booktranslatorai"">Using BookTranslator.ai</a><ul><li><a href=""#file-setup"">File Setup</a></li><li><a href=""#translation-steps"">Translation Steps</a></li><li><a href=""#quality-check"">Quality Check</a></li></ul></li><li><a href=""#next-steps"">Next Steps</a><ul><li><a href=""#key-highlights"">Key Highlights</a></li><li><a href=""#get-started-with-your-translation"">Get Started with Your Translation</a></li></ul></li><li><a href=""#faqs"">FAQs</a><ul><li><a href=""#how-does-booktranslatorai-deliver-accurate-and-consistent-translations-across-different-languages"">How does BookTranslator.ai deliver accurate and consistent translations across different languages?</a></li><li><a href=""#how-can-i-prepare-my-epub-file-for-translation-with-booktranslatorai"">How can I prepare my EPUB file for translation with BookTranslator.ai?</a></li><li><a href=""#how-does-booktranslatorais-ai-powered-translation-preserve-the-formatting-and-style-of-an-epub-file-compared-to-manual-translation"">How does BookTranslator.ai's AI-powered translation preserve the formatting and style of an EPUB file compared to manual translation?</a></li></ul></ul>","true","2025-05-07 08:23:21.64","2025-05-07 08:28:10.213","https://assets.seobotai.com/cdn-cgi/image/quality=75,w=1536,h=1024/booktranslator.ai/681b125d4899b57b164b3e53-1746606490213.jpg","https://storage.googleapis.com/booktranslator2/blog/epub-translator-complete-guide-to-ebook-translation-1746732969722.jpg?X-Goog-Algorithm=GOOG4-RSA-SHA256&X-Goog-Credential=booktranslatorai%40book-translator-439914.iam.gserviceaccount.com%2F20250508%2Fauto%2Fstorage%2Fgoog4_request&X-Goog-Date=20250508T193611Z&X-Goog-Expires=604800&X-Goog-SignedHeaders=host&X-Goog-Signature=02b2d016361ce851f97d9ab9396d38c355e025bbbd6a766891db73bb94eb68180c103a40f9dc8e611c6f3ae4d57e0344321511e0d48299d12f6e591f95ee515c3f223f8003b4d8cb9b0c5b638e954c55ed78dc30a5bcda278567c1562b15757c590c9d4e888093f6c42587cc17d7493fe8e3d454656771a2bc6902f6dcf7be48de7c873b8ccb1f012a8aba1e7924eba3f001d9d7f5abfc4dab505869dfb3c43d5ec4fef7c6fc09d9d9a101b66f1a67a2a030f4ac96aa520024edfa0f7067edb6662f404f57dbf0d400a909eb337d2fd38c0e001b20ee21601ec02e57e8294480ce59ce8cc0dc3d160398dd16194e17991118808f0232542f2dba5157a541cbee","[{""slug"":""literature"",""title"":""Literature""},{""slug"":""technology"",""title"":""Technology""},{""slug"":""translation"",""title"":""Translation""}]","{""slug"":""translation"",""title"":""Translation""}","9","{}","[]"